technique,model,f1_score,processing_time,memory_usage
no technique,SVM,0.727239289890507,0.6362111568450928,980.96875
PCA,SVM,0.679581683648259,0.6203610897064209,949.32421875
IncPCA,SVM,0.6782993755776259,0.6880011558532715,955.060546875
ICA,SVM,0.651127377058659,0.6368169784545898,858.5244140625
LDA,SVM,0.7260510335664881,0.5556120872497559,796.0380859375
SMOTE,SVM,0.7285121250064482,0.677375078201294,972.15234375
