technique,model,F1-Score,Processing Time,ROC AUC,Memory Usage,Precision,Recall
no technique,Naive Bayes,0.6030550704800496,0.0622715950012207,0.7755246432578196,1.0078125,0.6039878998538165,0.6048109965635738
no technique,SVM,0.6124633436082657,1.7584238052368164,0.8895767645634793,3.5625,0.6165423933951457,0.6254295532646048
no technique,MLP,0.6752881137367454,7.387993574142456,0.8051937116046783,1.5234375,0.6616221730347249,0.6907216494845361
PCA,Naive Bayes,0.4680938862920037,0.06731152534484863,0.6828327722906845,1.26953125,0.5016765594085182,0.5292096219931272
PCA,SVM,0.41989130806448854,1.0224616527557373,0.821795916439343,4.2265625,0.4549871225609801,0.48109965635738833
PCA,MLP,0.42927852134029154,7.144136905670166,0.6265838516740356,1.4375,0.40617260842020386,0.48109965635738833
IncPCA,Naive Bayes,0.4407880752471038,0.06889939308166504,0.6252042580591268,1.65625,0.4484760783397298,0.5017182130584192
IncPCA,SVM,0.46387709723064485,1.0473275184631348,0.8401235223958149,4.79296875,0.4670804494263066,0.5154639175257731
IncPCA,MLP,0.39046835607844993,6.8009703159332275,0.5961914603639814,1.80859375,0.3572128390728961,0.4329896907216495
