technique,model,F1-Score
No Technique,Naive Bayes,0.7524907182279003
No Technique,SVM,0.8874957810126819
No Technique,MLP,0.9374976561181566
No Technique,DecisionTree,0.8135825024437928
No Technique,RandomForest,0.8774571078431372
No Technique,KNN,0.89615669599218
No Technique,LogReg,0.7374803105310531
No Technique,GradientBoost,0.8749906240624062
No Technique,XGBoost,0.9074884356930769
