technique,model,F1-Score
No Technique,Naive Bayes,0.7598018216394755
No Technique,Naive Bayes,0.7537503847662262
No Technique,Naive Bayes,0.7787282179463338
No Technique,Naive Bayes,0.745
No Technique,Naive Bayes,0.7474115896358543
No Technique,SVM,0.8862388013170417
No Technique,SVM,0.878658418442744
No Technique,SVM,0.8887494785082916
No Technique,SVM,0.9112051837051837
No Technique,SVM,0.8837472752841907
