technique,model,F1-Score,Processing Time
No Technique,Naive Bayes,0.75,0.011749505996704102
No Technique,Naive Bayes,0.7374901560039001,0.013753175735473633
No Technique,Naive Bayes,0.7487488222490629,0.024399280548095703
No Technique,SVM,0.8736546418836819,0.30406761169433594
No Technique,SVM,0.8687493847569732,0.25135254859924316
No Technique,SVM,0.893637811663598,0.2359294891357422
